paperId,author,paperName,majorId
41,Phuong Tran and Ha Phan,TỔNG HỢP 5-HYDROXYMETHYLFURFURAL TỪ FRUCTOSE SỬ DỤNG XÚC TÁC ACID BRÆNSTED,0
44,"Ut Dong Thach, Lam Thanh Thien Tran, Duc Phuong Luu, Hai Yen Dao and Nhu-Trang Tran-Thi",SYNERGETIC EFFECT OF DUAL FUNCTIONAL MONOMERS IN MOLECULARLY IMPRINTED POLYMER PREPARATION FOR HIGHLY SELECTIVE SOLID PHASE EXTRACTION OF CIPROFLOXACIN,0
56,"Lê Minh Nguyễn, Văn Hoàng Nguyễn, Van Man Tran and Mỹ Loan Phụng Lê",NÂNG CAO HIỆU SUẤT CỦA PIN HOÀN CHỈNH HARD CARBON||NaxNi1/3Mn1/3Co1/3O2 BẰNG PHƯƠNG PHÁP HOẠT HÓA ĐAN CÀI ION,0
121,"Thị Bảo Ngọc Nguyễn, Trương Nhật Ni Nguyễn, Văn Hoàng Nguyễn, Văn Mẫn Trần and Mỹ Loan Phụng Lê",ẢNH HƯỞNG CỦA PHỤ GIA VÀ MUỐI THAY THẾ TRÊN NỀN CHẤT ĐIỆN GIẢI LiPF6/EC-DMC ĐẾN HIỆU NĂNG CỦA VẬT LIỆU ĐIỆN CỰC DƯƠNG SPINEL LiMn2O4,0
138,"Linh Ho Thuy Nguyen, Trang Thi Thu Nguyen, Huy Minh Dinh Dang, Phuong Hoang Tran and Tan Le Hoang Doan",Zr and Hf-MOF used as efficient heterogeneous catalysts for the condensation and cycloaddition reaction,0
150,Binh Phuong Nhan Nguyen and Phuong Thuy Nguyen,PHOTOCATALYTIC ACTIVITY OF TiO2 DOPED WITH Ag and N ON THE DEGRADATION OF METHYLENE BLUE,0
152,Binh Phuong Nhan Nguyen and Quoc Thao Mai,SYNTHESIS AND INVESTIGATION OF THE PHOTOCATALYTIC OF ZnO/Ag DOPED WITH N,0
163,"Van Hung Phan, Thu Uyen Tran Thi and Tien Khoa Le","Nghiên cứu tổng hợp, đặc trưng và đánh giá hoạt tính xúc tác quang-Fenton của hệ xúc tác dị thể có từ tính CuFe2O4/Fe2O3 (Synthesis, characterization and photo-Fenton catalytic activity of magnetic CuFe2O4/Fe2O3 materials)",0
170,"Oanh Nguyễn Hoàng, Tuyền Trương Thị Thanh, Vi Ngô Hoàng Nhật, Hoàng Nguyễn Văn, Phụng Lê Mỹ Loan and Mẫn Trần Văn",DUNG MÔI CỘNG TINH SÂU TỔNG HỢP TỪ LITHIUM TETRAFLUOROBORATE VÀ ACETAMIDE LÀM CHẤT ĐIỆN GIẢI CHO SIÊU TỤ ĐIỆN LỚP KÉP,0
185,"Duy Khang Nguyen Vu, Quynh Nhu Tran Thi, Y Nhi Nguyen Thi and Le Quan Tran",SOME PHENOLIC COMPOUNDS AND CELLULAR TOXICITY OF EUPHORBIA TIRUCALLI LINN. (EUPHORBIACEAE),0
186,Kim Huong Nguyen Thi and Thi Thuy Duong Ngo,CHEMICAL CONSTITUENTS OF THE n-HEXANE EXTRACT OF LEONOTIS NEPETIFOLIA (L) R. Br.,0
195,"Nguyen Tuong Vi Le, Cuu Khoa Nguyen, Tien Dung Le, Tong Hung Quach, Thi Phuong Nguyen, Thi Le Hang Dang, Van Chinh Nguyen, Tran Thuy Quynh Nguyen and Thi Dac Ngan Thai",ISOLATION AND EVALUATION OF QUANTITATIVE PROCEDURES [6]-SHOGAOL IN GINGER (Zingiber officinale) BY HIGH-PERFORMANCE LIQUID CHROMATOGRAPHY METHOD (HPLC),0
203,"Tú Quyên T. Trần, Lam H. Đặng, Hương T. Nguyễn, Dũng N. Bùi, Liên Hoa D. Nguyễn and Phương T. Trần",KHẢO SÁT THÀNH PHẦN 0 VỎ CÂY XÀ CỪ LÁ NHỎ (SWIETENIA MICROPHYLLA),0
207,"Thế Luân Nguyễn, Tiến Khoa Lê, Châu Ngọc Hoàng, Hữu Khánh Hưng Nguyễn and Thị Kiều Xuân Huỳnh",ẢNH HƯỞNG CỦA HÀM LƯỢNG TIỀN CHẤT ĐỒNG NITRAT LÊN HOẠT TÍNH QUANG XÚC TÁC CỦA ZnO BIẾN TÍNH VỚI Cu BẰNG PHƯƠNG PHÁP SỐC NHIỆT,0
213,"Hữu Thịnh Phạm Nguyễn, Tiến Khoa Lê, Châu Ngọc Hoàng, Hữu Khánh Hưng Nguyễn and Thị Kiều Xuân Huỳnh",ẢNH HƯỞNG CỦA HÀM LƯỢNG Ag LÊN HIỆU QUẢ QUANG XÚC TÁC CỦA ZnO BIẾN TÍNH SỐC NHIỆT ĐỒNG THỜI VỚI Ag VÀ F,0
216,"Thi Ngoc Van Nguyen, Mong Anh Nguyet Nguyen and Thi Thuy Duong Ngo",CHEMICAL CONSTITUENTS OF THE CHLOROFORM EXTRACT OF THE LICHEN PARMOTREMA CRISTIFERUM (TAYLOR) HALE,0
223,Thuy Nguyen,Effects of TiO2 surface modification by Graphene oxide (GO) reduction under UV radiation on Dye sensitized solar cell performance,0
238,Thao Nguyen Minh and Thanh Bui Tho,STUDY THE STABLE STRUCTURES OF ScGen0/− (n=5-6) CLUSTERS BY GA-DFT AND THE CO ADSORPTION ON DOPED-CLUSTERS,0
256,"Thao Ho Nguyen Ngoc, Van Nguyen Ngoc Khanh, Huong Nguyen Thi Diem and Hiep Ha Quang",I2-MEDIATED SELECTIVE OXIDATIVE CLEAVAGE TO CONSTRUCT AMIDE BONDS FOR THE SYNTHESIS OF QUINAZOLIN-4(3H)-ONES AND TRYPTANTHRINS,0
257,"Tieu Nhi T. Nguyen, Thu Thao T. Pham, Ngoc Thi V. Tran, Thanh Thao T. Tran and Ngan H. Dai",HYDROTHERMAL PRETREATMENT OF BAMBOO BY SODIUM HYDROXIDE AND ENZYME HYDROLYSIS,0
261,"Le Thanh Nguyen Huynh, Thi Nhu Quynh Nguyen, Nguyen Thao Trang Le, Thi Thu Trang Nguyen, Viet Hai Le, Thai Hoang Nguyen, Tuan Kiet Huynh, Le Bang Phung, Dai Lam Tran and Trong Lu Le",EFFECT OF ELECTROLYTE ON ENERGY STOTRAGE BEHAVIORS OF NANOCOMPOSITE TiO2@CNTs,0
262,"Le Thanh Nguyen Huynh, Thi Nhu Quynh Nguyen, Nguyen Thao Trang Le, Thi Thu Trang Nguyen, Le Bang Phung, Tuan Kiet Huynh, Thai Hoang Nguyen, Viet Hai Le, Dai Lam Tran and Trong Lu Le",NANOCOMPOSITE TiO2/CNTs FOR HIGH PERFORMANCE ELECTROCHEMICAL SUPERCAPACITORS,0
327,Nguyễn Kim Hưng and Nguyễn Công Tránh,Nghiên cứu tổng hợp chất chống cháy mới cho vải cotton,0
329,"Mai Thanh Thi Nguyen, Huu Tho Le, Truong Nhat Van Do, Hai Xuan Nguyen, Phu Hoang Dang and Trung Nhan Nguyen",STUDY ON THE PHARMACEUTICAL EFFECTS OF THE EXTRACT AND THE NANOPARTICLE POWDER FROM BOESENBERGIA PANDURATA,0
330,"Huu Tho Le, Trang Ngoc Tran Vo, Tam Thanh Thi Tran, Mai Thanh Thi Nguyen and Hai Xuan Nguyen",d-TOCOPHEROL DERIVATIVES AND α -GLUCOSIDASE INHIBITORY ACTIVITY FROM THE LEAVES OF Muntingia calabura,0
331,"Huu Tho Le, Trang Thuy Thi Pham, Thinh Quang Bui, Nga Thuy Thanh Le, Trung Nhan Nguyen and Mai Thanh Thi Nguyen",DIARYLHEPTANOIDS FROM THE CHLOROFORM EXTRACT OF Cucurma aromatica Salisb. RHIZOMES,0
332,"Huu Tho Le, Giang Le Thi Nguyen, Ngan Kim Thi Ngo, Mai Thanh Thi Nguyen, Trung Nhan Nguyen and Hai Xuan Nguyen",CHEMICAL CONSTITUENTS FROM THE ETHYL ACETATE EXTRACT OF THE ZINGIBER MONTANUM RHIZOMES,0
333,"Thu Minh Tran Hoang, Huu Tho Le, Truong Nhat Van Do and Mai Thanh Thi Nguyen",OPTIMIZATION OF THE EXTRACTION PROCESS AND PRELIMINARY PHYTOCHEMICAL INVESTIGATION OF POLYCIAS FRUTICOSA (L.) HARMS ROOTS,0
348,"Nguyen Ngan Tuan, Ngo Hoang Long, Ho Thi Thanh Nguyen, Pham Hoang Vinh and Nguyen Thai Hoang",INTRODUCING AN LOW-COST PVA/SSA/GA COMPOSITE AS ION-EXCHANGE MEMBRANE INTO MCDI SYSTEM,0
349,"Tran Thanh Nhut, Ngo Hoang Long, Ho Thi Thanh Nguyen, Huynh Le Thanh Nguyen, Le Viet Hai and Nguyen Thai Hoang",PREPARATION OF ACTIVATED CARBON/CARBON NANOTUBE ELECTRODE APPLIED ON CAPACITY DEIONIZATION,0
383,"Thu Huong Nguyen, Minh Hien Nguyen Thi, Diem Thuy Tran Thi and Ngoc Ai Nguyen Thi",Phát triển quy trình phân tích tetracycline trên điện cực glassy carbon bằng phương pháp von-ampe,0
384,"My Anh Nguyen Thi, Yen Nhung Tran Thi, Ngoc Ha Bui Nguyen, Phu Dang and Trung Nhan Nguyen",INVESTIGATION OF CHEMICAL CONSTITUENTS FROM THE FLOWERS OF CALOTROPIS GIGANTEA LINN. (ASCLEPIADACEAE),0
413,"Truong Nhat Van Do, Phong Hoai Le, Phong Thai Tu, Hai Xuan Nguyen and Mai Thanh Thi Nguyen",CHEMICAL CONSTITUENTS FROM THE ETHYL ACETATE EXTRACT OF THE LIANAS OF GNETUM MONTANUM,0
414,"Quyen My Pham, Luan The Nguyen, Trang Thien Thi Huynh and Vu Tan Huynh",Effects of precursors pre-treatment on the morphology and surface functional groups of ZnO in hydrothermal synthesis,0
415,"Truong Van Nhat Do, Thanh Dong Duong, Truc Minh Thuy Vang, Tho Huu Le, Hai Xuan Nguyen and Mai Thanh Thi Nguyen",CHEMICAL CONSTITUENTS FROM THE ETHYL ACETATE EXTRACT OF THE STEMS OF TAXOTROPHIS ILICIFOLIUS,0
417,"Truong Van Nhat Do, Hai Xuan Nguyen, Tho Huu Le, Phong Huu Nguyen, Tri Thanh Nguyen, An Thuy Thi Le, Mai Thanh Nguyen and Mai Thanh Thi Nguyen",CHEMICAL CONSTITUENTS FROM THE ETHYL ACETATE EXTRACT OF THE RHIZOMES OF CURCUMA ZEDOARIA,0
421,"Truong Van Nhat Do, Tho Huu Le, Hai Xuan Nguyen and Mai Thanh Thi Nguyen",ANTI-ULCER ACTIVITIES OF EXTRACT FROM THE RHIZOME OF BOESENBERGIA PANDURATA,0
422,Thuy Nguyen Thi Thanh,EFFECT OF ATMOSPHERIC ENVIRONMENT TO PRODUCE PbSnS3 BY SOLID STATE REACTION,0
426,"Mai Thanh Thi Nguyen, Hai Xuan Nguyen, Truong Nhat Van Do, Tho Huu Le, Phu Hoang Dang, Suresh Awale, Takao Kataoka and Nhan Trung Nguyen",Constituents of the rhizomes of Boesenbergia pandurata and their antiausterity activity against the PANC-1 human pancreatic cancer line and inhibitory tumor necrosis factor α (TNF-α),0
433,"Phuc Thinh Nguyen, Minh Chau Hang, Tan Dat Le and Anh Mai Nguyen",NON-DESTRUCTIVE DETERMINATION OF ETHANOL LEVELS IN ALCOHOLIC BEVERAGES USING PARTIAL LEAST SQUARES - NEAR INFRARED SPECTROSCOPY,0
439,Loc Le Nguyen,STUDY ON CHEMICAL CONSTITUENTS OF THE ETHYL ACETATE EXTRACT OF ELEPHANTOPUS MOLLIS,0
443,Anh-Mai Nguyen and Hue Nguyen,"ĐỊNH LƯỢNG MỘT SỐ DƯỢC CHẤT NHÓM KÍ SINH TRÙNG PYRANTEL, PRAZIQUANTEL, FEBANTEL TRONG THUỐC THÚ Y DẠNG VIÊN NÉN BẰNG HPLC-DAD",0
445,"Phuc Thinh Nguyen, Minh Hoa Vo, Si Thong Nguyen, Thi Cam Van Nguyen and Anh Mai Nguyen",XÁC ĐỊNH HÀM LƯỢNG CHẤT KHÔ CỦA BƠ 034 BẰNG PHỔ HỒNG NGOẠI GẦN KẾT HỢP PHƯƠNG PHÁP BÌNH PHƯƠNG TỐI THIỂU TỪNG PHẦN,0
451,"Anh-Mai Nguyen, Diem-My Huynh-Lam and Huy-Du Nguyen",PHÂN TÍCH ĐỒNG PHÂN VỊ TRÍ α-ALANIN VÀ β-ALANIN BẰNG CỘT ZIC-HILIC,0
453,"Anh-Mai Nguyen, Thu-Liễu Thiều-Thị and Diệu-Ly Hà",THIẾT LẬP CHẤT ĐỐI CHIẾU QUERCITRIN VÀ HYPEROSIDE TỪ CÂY DIẾP CÁ HOUTTUYNIA CORDATA THUMB,0
454,Anh-Mai Nguyen and Quốc-Phương Vương,TỐI ƯU PHƯƠNG PHÁP XỬ LÝ MẪU THỰC PHẨM CHỨA HÀM LƯỢNG BÉO CAO TRONG PHÂN TÍCH THUỐC BẢO VỆ THỰC VẬT,0
456,"Anh-Mai Nguyen, Từ-Hòa Nguyễn, Diễm-My Huỳnh Lâm and Mạnh Nguyễn-Khắc",XÂY DỰNG QUY TRÌNH XÁC ĐỊNH MỘT SỐ CARBOHYDRATE BẰNG PHƯƠNG PHÁP TẠO DẪN XUẤT VỚI ANHYDRIDE ACETIC PHÂN TÍCH BẰNG GC-FID,0
457,"Thị Yến Nhi Trần, Đoàn Thiện Chí Nguyễn, Thị Kim Vui Trần, Ánh Mai Nguyễn, Thị Hiền Tô and Thị Tuyết Ngân Nguyễn",TỐI ƯU QUY TRÌNH PHÂN TÍCH PFOS VÀ PFOA BẰNG PHƯƠNG PHÁP UPLC-MS/MS VÀ ỨNG DỤNG VÀO PHÂN TÍCH PFOA VÀ PFOS TRONG NƯỚC UỐNG.,0
458,Khanh-Hung Nguyen and Huy Du Nguyen,LIQUID CHROMATOGRAPHIC DETERMINATION OF BIOGENIC AMINES IN SOME VIETNAM FISH SAUCE ON DANSYL CHLORIDE DERIVATIVES,0
465,Le Thi Hoa and Nguyen Huy Du,XÁC ĐỊNH HỢP CHẤT ANTIOXIDANTS TRONG NHỰA BẰNG PHƯƠNG PHÁP HPLC-UV,0
466,"Ngoc Tram Duong Thi, Phu Dang and Trung Nhan Nguyen","KHẢO SÁT THÀNH PHẦN 0 CỦA CÂY AN XOA (HELICTERES HIRSUTA LOUR), HỌ CẨM QUỲ (MALVACEAE)",0
469,Lien Hoa Nguyen Dieu and Chi Ngoc Nguyen,XANTHONES FROM THE BARK OF CRATOXYLUM COCHINCHINENSE,0
470,Ngoc Chi Nguyen and Lien-Hoa Nguyen Dieu,CHROMONES AND NORSESQUITERPENOIDS FROM FICUS PUMILA,0
474,"Trí Hiếu Nguyễn, Thi Thảo Ly Nguyễn, Thị Lệ Thu Nguyễn, Ngọc Dũng Bùi and Diệu Liên Hoa Nguyễn",Four xanthones from the chloroform extract of the bark of Garcinia lanessanii (Gutrtiferea),0
476,Lien Hoa Dieu Nguyen and Chi Hao Le,THREE NEW ROCAGLAMIDES AND A NOVEL TRITERPENOID FROM Aglaia odorata,0
477,"Thị Thảo Ly Nguyễn, Thị Lệ Thu Nguyễn and Diệu Liên Hoa Nguyễn",Three new labdane diterpenoids from the aerial parts of the Leonurus japonicus,0
478,"Lien Hoa Dieu Nguyen, Chi Hao Le and Kim Thanh Tran",TWO NEW COMPOUNDS FROM THE BARK OF Walsura robusta,0
479,"Trương Quốc Vinh, Nguyễn Thị Thảo Ly, Nguyễn Thị Lệ Thu, Bùi Ngọc Dũng and Nguyễn Diệu Liên Hoa",PHÂN LẬP XANTHONE TỪ CÀNH CÂY BỨA LÁ TRÒN DÀI (Garcinia oblongifolia),0
2,Duc Hung Le,Xây Dựng Hệ Thống 6 Thực Thi Bảo Mật Trên Phần Cứng,7
3,Duc Hung Le,Thực Hiện Và Đánh Giá Thuật Toán Hàm Băm SHA-3 Trên Các Nền Tảng Vi Xử Lý,7
19,Xuân Tân Trần,"BUILD THE CONTACT BETWEEN GRAVITY, SHIFT, VOLTAGE IN ACCELEROMETER",7
82,"Anh Le, Trang Nguyen and Tu Bui",APLICATION OF THE GENETIC ALGORITHM IN VLSI OPTIMIZATION,7
96,Thi Nguyen Duy Manh and Qui Nguyen My,A DESIGN AND IMPLEMENTATION OF ADVANCED ENCRYPTION STANDARD ALGORITHM AES-128bits ON FPGA XILINX KIT,7
99,"Le Tri, Nguyễn Quang Anh and Nguyễn Quốc Khoa",NGHIÊN CỨU MÔ HÌNH DỮ LIỆU 3D BIỂU DIỄN NHÀ CAO TẦNG,7
230,Lam Nguyen Dinh,APPLYING MACHINE LEARNING ON GOOGLE CLOUD PLATFORM TO RECOGNIZE PNEUMONIA THROUGH X-RAY IMAGES USING CONVOLUTIONAL NEURAL NETWORK,7
357,Quang Truong,ĐÁNH GIÁ HIỆU SUẤT THUẬT TOÁN TRUYỀN BẢN TIN CHO HỆ THỐNG SCMA ĐƯỜNG LÊN,7
468,Quốc Thịnh Huỳnh and Trongtu Bui,THÙNG RÁC TỰ PHÂN LOẠI RÁC THẢI SỬ DỤNG TRÍ TUỆ NHÂN TẠO TRÊN BOARD MẠCH JETSON NANO,7
494,"An Đông Bùi, Trọng Tú Bùi and Việt Hà Bùi",SỬ DỤNG THUẬT TOÁN RECURRENCE PLOT ĐẾ XÁC ĐỊNH ĐOẠN NHIỄU TRONG XỬ LÝ TÍN HIỆU ĐIỆN TIM,7
8,"Tin Duong Quoc Chanh, Dau Duong Hieu and Ngan Pham Ngoc",MODELIZATION FOR MAGNETIC ANOMALY SOURCES BASED ON COMBINATION BETWEEN THE WAVELET TRANSFORM AND MARQUARDT ALGORITHM,3
11,Hoang Phuoc Duy Nguyễn and Xuan Vinh Nguyễn,DESIGN AND CONSTRUCTION AN AIR QUALITY MEASUREMENT EQUIPMENT ACCORDING TO VN_AQI STANDARDS,3
51,"Nguyen Hong Giang, Hua Hoang Yen and Dang Liet",BREAST TUMOR DETECTION BASED ON BI-DIMENTIONAL EMPIRICAL MODE DECOMPOSITION AND MULTILEVEL THRESHOLDING,3
52,"Triệu Vỹ Tạ, Hoàng Yến Hứa and Hồng Giang Nguyễn",DETECTION OF TUMORS FROM MAMMOGRAMS USING MORPHOLOGICAL RECONSTRUCTIONS,3
102,"Truong Van Tuan, Nguyen Quoc Khanh and Vo Van Tai",TÍNH CHẤT VẬN CHUYỂN CỦA LỖ TRỐNG TRONG GIẾNG LƯỢNG TỬ VUÔNG HỮU HẠN Si/Si1-xGex/Si,3
137,"Anh Nguyen Hoang Hai, Nu Quynh Trang Ton and Thi Hanh Thu Vu",NGHIÊN CỨU VẬT LIỆU Ir PHA TẠP VÀO SrTiO3 ĐỂ CẢI THIỆN HIỆU SUẤT QUANG SINH HYDRO,3
212,Tran Thi Lua and Le Thi Minh Huyen and Vu Tuan Hung Le,Ảnh hưởng của độ dày màng AZO và mật độ hạt nano Ag lên hiệu ứng SERS bằng phương pháp phún xạ DC Magnetron,3
218,"Thi Ngoc Mai Nguyen, Thi Thu Tam Nguyen, Minh Tri Le, Duy Khanh Nguyen, Van Ngoc Le and Vu Tuan Hung Le",ỨNG DỤNG ĐẾ THANH NANO ZnO ĐƯỢC ĐÍNH CÁC HẠT NANO VÀNG DÙNG LÀM CẢM BIẾN SERS TRONG NHẬN BIẾT HOẠT CHẤT THUỐC TRỪ SÂU ABAMECTIN,3
259,"Nguyên Trần Văn, Thái Lâm Thị Phương, Loan Phan Thị Kiều and Hùng Lê Vũ Tuấn",NGHIÊN CỨU VÀ CHẾ TẠO CẤU TRÚC KẾT HỢP MoS2/Au NHẰM ỨNG DỤNG TRONG KHUẾCH ĐẠI TÍN HIỆU RAMAN,3
263,"Hoàng Long Nguyễn, Hà Thanh Nguyễn, Anh Tuấn Đào, Vũ Tuấn Hùng Lê and Hữu Kế Nguyễn",THAY ĐỔI KÍCH THƯỚC HẠT NANO BẠC TRONG ĐẾ SERS ZnO/Ag BẰNG QUÁ TRÌNH Ủ NHIỆT VÀ KHẢO SÁT ẢNH HƯỞNG CỦA CHÚNG LÊN KHẢ NĂNG KHUẾCH ĐẠI TÍN HIỆU RAMAN,3
284,"Bùi Văn Chanh, Trần Ngọc Anh and Lương Tuấn Anh",XÂY DỰNG MÔ HÌNH SÓNG ĐỘNG HỌC MỘT CHIỀU PHI TUYẾN VÀ ÁP DỤNG THỬ NGHIỆM TRÊN LƯU VỰC SÔNG SÊRÊPÔK,3
290,"Quân Nguyễn Hoàng, Huy Phan Ngọc Cao, Nhi Nguyễn Ngọc Thảo and Khuê Hà Minh",ROBOT NAVIGATION METHOD USING A COMBINATION OF RFID TECHNOLOGY AND DIJKSTRA ALGORITHM,3
299,Van Hao Lam and Tien Dang Bao Huy Vo,URBAN HEAT ISLAND PHENOMENON IN BINH DUONG PROVINCE USING REMOTE SENSING AND GIS,3
300,Huy Do Tran and Linh Nguyen Chi,PROBING FRAGMENTATION FUNCTIONS FROM HADRON-JET MOMENTUM CORRELATIONS AT LO IN P-P COLLISIONS,3
306,Thi Ngoc Oanh Bui and Thị Danh Ngôn,"PHÂN BỐ MÊTAN HÒA TAN TRONG NƯỚC BIỂN VÙNG NƯỚC NÔNG VỊNH CANADA, BẮC BĂNG DƯƠNG",3
317,"Hoang-Thuy-Tien Vo, Thi-Thanh-Ngan Huynh, Ngoc-Thanh-Ngan Ma, Nguyen-Anh-Ngan Cao, Pham-Quynh-Chau Nguyen and Tuan Van Huynh",PHƯƠNG PHÁP NHẬN DẠNG TÍN HIỆU SÓNG NÃO BẰNG CÁC THUẬT TOÁN HỌC MÁY,3
320,Hoang Phong Nguyen and Ngoc My Tran,"ANALYSIS AND PREDICT WATER LEVEL OSCILLATION AT CAU DA STATION, NHA TRANG",3
334,"Diệu Linh Đỗ, Lương Cường Hoàng, Anh Tuấn Đào, Văn Ngọc Lê and Vũ Tuấn Hùng Lê",KHẢO SÁT KHẢ NĂNG QUANG XÚC TÁC CỦA MÀNG DỊ THỂ TiO2/MoSe2 THEO THỜI GIAN LẮNG ĐỌNG MÀNG MoSe2,3
335,Quynh Nguyen Thi Nhu and Tuan Van Huynh,CLASSIFICATION OF ELECTROMYOGRAPHY SIGNALS USING ARTIFICIAL NEURAL NETWORK ALGORITHMS,3
337,Nguyen Thi To Van and Vo Luong Hong Phuoc,THE CALCULATED MODELING OF WAVE HEIGHT THRESHOLD AFFECTING ON THE CORAL BOTTOM,3
338,Pham Tran Minh Tho and Vo Luong Hong Phuoc,"THE RELATIONSHIPS BETWEEN CHLOROPHYLL CONCENTRATION WITH TEMPERATURE, TURBIDITY AND DISSOLVE OXYGEN IN WATER",3
339,Vo Thanh Tuyet Hong and Vo Luong Hong Phuoc,WIND WAVE SPECTRAL ANALYSIS BY BLACKMAN – TUKEY AND FFT (FAST FOURIER TRANSFORM) METHODS,3
340,Phan Thi Thanh Doan and Vo Luong Hong Phuoc,ANALYSIS OF THE EFFECTS OF PHYSICAL FACTORS ON CORAL REEF ECOSYSTEM,3
343,Nguyen Thanh,Analysis and evaluation of erosion and deposition processes in Ca Mau by remote sensing and GIS,3
356,"Tung Phan Thanh, Phuc Tran Tai, Nguyen Nguyen Hong Sy, Phuc Mai Hoai and Tuan Van Huynh",DEVELOP CONTROLLING AND MONITORING SYSTEMS FOR SMART HOMES USING IOT TECHNOLOGY,3
363,Ung Nho Hoa and Huynh Van Tuan,CLASSIFICATION OF ELECTROENCEPHALOGRAPHY USING SUPPORT VECTOR MACHINE AND DECISION TREE ALGORITHMS,3
368,Xuân Dũng Trần,Ước tính lượng phát thải khí ô nhiễm do đốt rơm rạ trên đồng ruộng ở một số tỉnh thuộc khu vực Đồng bằng sông Cửu Long,3
371,"Ngoc Ha Phan, Lam Anh Phi Le, Tu Doanh Tieu, Duong Thai, Nu Quynh Trang Ton and Thi Hanh Thu Vu",GRAPHENE QUANTUM DOTS DECORATED SrTiO3 NANOCUBIC FOR HYDROGEN GENERATION,3
372,"Mai Phạm Thị Thanh, Thu Vũ Thị Hạnh, Trang Hoàng Văn, Doanh Tiêu Tư, Dương Thái and Trang Tôn Nữ Quỳnh",NGHIÊN CỨU VẬT LIỆU GQDS KẾT HỢP VỚI ỐNG NANO TIO2 ỨNG DỤNG CHO QUANG SINH H2 TRONG VÙNG ÁNH SÁNG TỬ NGOẠI,3
378,"Nguyễn Thành Phúc, Ngô Thị Hoàng Lộc, Phan Thị Kiều Loan and Lê Vũ Tuấn Hùng",CHẾ TẠO VÀ KHẢO SÁT HIỆU ỨNG TĂNG CƯỜNG TÍN HIỆU RAMAN CỦA CẤU TRÚC ZnO NANOTUBES/Au ỨNG DỤNG TRONG PHÁT HIỆN CHẤT HỮU CƠ NỒNG ĐỘ THẤP,3
382,"Mai Anh Hoa, Hà Thanh Nguyễn, Anh Tuấn Đào, Hữu Kế Nguyễn and Vũ Tuấn Hùng Lê",KHẢO SÁT CƠ CHẾ 0 HẤP THỤ CHẤT ABAMECTIN VỚI HẠT NANO Ag TRÊN ĐẾ SERS ZnO/Ag,3
392,"Le To Cam Huong, Ton Nu Quynh Trang and Vu Thi Hanh Thu",Ag/SrTiO3 nanostructures based - highly enhanced photocatalytic performance,3
396,"Trang Hoàng Văn, Mai Phạm Thị Thanh, Doanh Tiêu Tư, Dương Thái, Trang Tôn Nữ Quỳnh and Thu Vũ Thị Hạnh",FABRICATION AND EVALUATION OF GQDS-AG-TIO2 NANOCOMPOSITES FOR PHOTOCATALYTIC WATER SPLITTING INTO H2 UNDER VISIBLE LIGHT IRRADIATION,3
400,Cường Đỗ Hoàng Minh and Oanh Bùi Thị Ngọc,"ASSESSMENT OF DISSOLVED OXYGEN AND ITS FACTORS AT THE DONG TRANH SITE, CAN GIO PROVINCE",3
402,"Mai Võ Thị Bạch, Hậu Võ Công, Sinh Nguyễn Nhất, Sơn Hoàng Ngọc and Cường Lê Văn Anh","ỨNG DỤNG ĐỊA CHẤN PHÂN GIẢI CAO ĐỂ KHẢO SÁT ĐỊA CHẤT BIỂN TẦNG NÔNG TẠI VỊNH GÀNH RÁI, CẦN GIỜ, TP.HCM",3
424,Oanh BÙi Thi NgỌc,"PHÂN TÍCH KHẢ NĂNG SỬ DỤNG OXY TRONG NƯỚC TẠI CỬA SÔNG ĐỒNG TRANH, CẦN GIỜ",3
434,Nam Vũ Thành and Tuấn Huỳnh Văn,Mô hình phân loại trạng thái cảm xúc với các thuật toán mạng nơron hồi quy,3
440,"Nguyen Cong Thanh, Tran Thi Ngoc Khuong and Dang Truong An",Monsoonal sediment transport along the subaqueous Mekong Delta: an analysis of surface sediment grain-size changes,3
461,Dang An,Phân tích diễn biến mưa hạn khu vực đồng bằng sông Cửu Long giai đạon 1978-2019,3
467,"Thuy Nguyen Thi Le, Phuc Ho Viet and Tuan Huynh Van",Finger Movement Classification Based On sEMG Signal Using Fuzzy Logic,3
482,"Duc Nguyen Truong, Tieu Man Hua, Hoang Phuong Tram Do, Thi Thanh Van Le and Vu Tuan Hung Le",Fabrication and SERS performance of TiO2-ZnO heterostructure/Ag nanoparticles,3
541,"Đỗ Thị Viên Thảo, Phan Thiên Luân, Hà Minh Khuê,  Nguyễn Hoàng Quân,
Congo Tak-Shing Ching, Nguyễn Văn Hiếu
",THIẾT KẾ VÀ CHẾ TẠO CẢM BIẾN SINH HỌC ỨNG DỤNG KIỂM TRA VI KHUẨN ESCHERICHIA COLI TRONG THỰC PHẨM SỐNG,3
542,"Phan Thiên Luân, Vũ Nhật Trường, Đỗ Thị Viên Thảo, Congo Tak-Shing Ching, Nguyễn Văn Hiếu
","MẠCH IoTs CHO CẢM BIẾN SINH HỌC TRONG KIỂM TRA
VI KHUẨN ESCHERICHIA COLI
",3
78,Mai Ngọc Dũng and Tạ Ánh Minh,MEASUREMENT OF LEAF AREA AND FOLIAGE BY IMAGEJ SOFTWARE AND DIGITAL IMAGE OF IPHONE 6S PLUS,1
109,Tuan Nguyen Pham,INVESTIGATION OF FACTORS AFFECTING THE PRODUCTION OF LOVASTATIN FROM Asperillus terreus EF-463 BY SOLID STATE FERMENTATION,1
139,"Nhon Nguyen Ly, Khoi Nguyen Quy Kim and Nhut Nguyen Nhu","ISOLATION, SCREENING OF CAROTENOID-PRODUCING Rhodotorlula AND EFFECT OF CARBON SOURCE ON CAROTENOID PRODUCTON",1
141,"Nhon Nguyen Ly, Anh Kieu and Nhut Nguyen Nhu",RESEARCH FOR LIQUID CULTURE CONDITIONS INCREASE BIOMASS OF Lactobacillus LAT3.2 ON PILOT SCALE,1
156,"Bạch Ngọc Minh, Nguyễn Thị Anh Thư, Nguyễn Thị Thanh Kiều and Lê Thị Ánh Hồng",ISOLATION AND SELECTION OF LIPASE PRODUCING BACTERIA FROM RESTAURANT WASTES,1
167,"Mi Ngô, Tài Nguyễn, Xuyến Võ and Nhứt Nguyễn",SÀNG LỌC VÀ NUÔI CẤY VI KHUẨN HÒA TAN KALI,1
199,"Duyen Nguyen Vo Ky, Thien Pham Huu and Ha Than Quoc An",THE EFFECTS OF H2O2 ON SEED GERMINATION AND PLANT GROWTH OF LACTUCA SAVITA L.,1
235,Tien Tran Van and Tu Nguyen Van,"ĐẶC ĐIỂM CẤU TRÚC LƯỠI BÀO ỐC CÀ NA (Tomlinia frausseni, Thach 2014)",1
279,"Trương Thông, Lê Thái Hoàng and Trần Linh Thước",Diversity of antibiotic resistant bacteria in the surface water of river system in Ho Chi Minh city,1
386,"Thi Phuong Ngan Le, Thi Thu Hanh Phan, Wolfgang Schumann, Thi Phuong Trang Phan and Duc Hoang Nguyen",Studying fusion tags to enhance recombinant protein expression in the cytoplasm of Bacillus subtilis,1
389,Nghĩa Huỳnh Hữu and Nhứt Nguyễn Như,"ĐÁNH GIÁ KHẢ NĂNG ỨNG DỤNG Bacillus, Streptomyces VÀ Trichoderma ĐỂ KIỂM SOÁT Phomopsis longicola GÂY BỆNH TRÊN ĐẬU NÀNH",1
394,"Bùi Thị Thu Vân, Vũ Thị Lan Hương, Nguyễn Hoàng Chương and Nguyễn Trí Nhân","TỔNG QUAN NHỮNG NGHIÊN CỨU THU THẬP NGUỒN GEN, PHÂN LOẠI VÀ TIỀM NĂNG ỨNG DỤNG CỦA VI KHUẨN LƯU GIỮ TẠI TRƯỜNG ĐẠI HỌC KHOA HỌC TỰ NHIÊN, ĐHQG-HCM",1
397,"Phạm Thị Mỹ Ninh, Nguyen Chi Dung, Dinh Minh Hiep, Hà Thị Bích Hằng and Ngô Kế Sương",CYTOTOXIC ACTIVITY OF THE COMPOUNDS OBTAINED FROM Cordyceps neovolkiana ISOLATED IN VIETNAM,1
406,"Minh-Nhat Truong-Ha, Tan-Thuan Le, Nam Vo and Duc-Hoang Nguyen",Constructing a model evaluating protein levels based on mRNA sequence features in Escherichia coli K-12 MG1655,1
416,"Hồng Nguyễn Nguyệt, Nguyen Chi Dung, Hà Thị Ngọc, Ngô Kế Sương, Bùi Lập Duy and Đinh Minh Hiệp",HIỆU QUẢ ỨC CHẾ MATRIX METALLOPROTEINASE – 1 CỦA POLYSACCHARIDES THU NHẬN TỪ Cordyceps neovolkiana DL0004,1
420,"Huỳnh Thị Nguyệt, Lâm Khắc Kỷ, Hà Thị Ngọc, Đinh Minh Hiệp, Phạm Thị Mỹ Ninh and Ngô Đại Hùng",HOẠT TÍNH KHÁNG OXI HÓA CỦA CAO CHIẾT QUẢ THỂ NẤM Isaria cicadae PHÂN LẬP TẠI VIỆT NAM,1
431,"Lâm Khắc Kỷ, Phạm Thị Mỹ Ninh, Đinh Minh Hiệp, Ngô Đại Hùng, Huỳnh Thị Nguyệt, Nguyễn Thị Bảo Trân, Nguyễn Thị Huỳnh Như and Lê Thị Thanh Lài",HOẠT TÍNH SINH HỌC CỦA CAO CHIẾT NẤM Cordyceps neovolkiana (00038a) PHÂN LẬP TẠI VIỆT NAM,1
437,"Phạm Minh Thông, Lê Thị Thuý Hằng, Đặng Hoàng Phú, Đinh Minh Hiệp and Nguyễn Tiến Thắng",XÁC ĐỊNH CẤU TRÚC CỦA EXOPOLYSACCHARIDE TỪ DỊCH NUÔI CẤY NẤM OPHIOCORDYCEPS SINENSIS TRÊN CÁC NGUỒN CARBON KHÁC NHAU,1
438,"Thuan Le, Ngoc Bich Vu, Phat Huynh and Giang Dang",Evaluate the ability to reduce the injury of mesenchymal stem cells on fibrin scaffold in mouse acute hindlimb ischemia model,1
442,Khoa Trần,GROWTH RESPONSES DURING THE EX VITRO TRANSFER OF Plumbago indica L. AS AFFECTED BY DIFFERENT IN VITRO PLANT AGES,1
446,"Chanh Phuong Trang Vo, Quoc Viet Huynh, Thuy Trang Dinh, Nam Vo, Thi Tinh Tuom Truong and Duc Hoang Nguyen","STUDYING CDR1, CDR2, CDR3 OF SINGLE DOMAIN ANTIBODY AIMING TO CREATE LIBRARIES FOR SCREENING IN VITRO",1
449,"Thanh Dang Minh, Thong Tran Tan, Trinh Le Van and Nhung Truong Hai",NGHIÊN CỨU SỰ THAY ĐỔI BIỂU HIỆN CỦA MỘT SỐ GENE TỰ THỰC BÀO TRÊN TẾ BÀO HÌNH SAO TỪ GAN CHUỘT (HSC) ĐƯỢC CẢM ỨNG HOẠT HÓA BỞI LIPOPOLYSACCHARIDE (LPS),1
460,"Khoa Nguyen Hoang Dang, Phong Le Quoc, Hiep Dinh Minh and Suong Ngo Ke",STUDY ON ENRICHED ORGANIC SELENIUM IN Ophiocordyceps sinensis BIOMASS CULTURE MEDIUM,1
9,"Văn Thắng Nguyễn, Bình An Lê, Nguyễn Phong Thu Huỳnh and Công Hảo Lê",Một số kết quả bước đầu trong việc đánh giá sự thay đổi phông phóng xạ trong đất bề mặt ở Việt Nam,2
10,Lê Hoàng Sang Phan,Ước lượng thông lượng neutron của nguồn Ra-Be bằng thực nghiệm,2
21,Hai Vo Hong,HIGH TECH RADIATION DETECTION SYSTEM DEVELOMENT FOR NUCLEAR MEDICAL APPLICATION,2
24,"Phong Thu Huỳnh Nguyễn, Văn Thắng Nguyễn and Hảo Lê Công",Quy trình xử lý nhiễm bẩn phóng xạ radium trong đất và nước ngầm,2
27,"Vinh Tran Thi Thanh, Ngan Pham Nguyen Kim, Phuc Nguyen Tri Toan, Tu Vu Ngoc and Hai Vo Hong",STUDYING NEUTRON/GAMMA EMISSION FROM SIEMENS PRIMUS MEDICAL LINEAR ACCELERATOR BY GEANT4/GATE SIMULATION,2
29,Thu Nguyen,COMPARISION BETWEEN INTENSITY MODULATED PROTON THERAPY PLANS AND VOLUMETRIC MODULATED ARC THERAPY PLANS FOR PROSTATE CASES,2
30,Duy Thông Nguyễn and Thanh Phong Trần,NGHIÊN CỨU QUÁ TRÌNH PHÂN RÃ CỦA MUON TRONG MÔ HÌNH CHUẨN,2
32,"Chuong Huynh Dinh, Ngọc Trang Lê Thị and Thanh Tran Thien",TỐI ƯU HÓA MÔ HÌNH ĐẦU DÒ HPGe LOẠI P CHO VIỆC TÍNH TOÁN HIỆU SUẤT ĐỈNH NĂNG LƯỢNG TOÀN PHẦN SỬ DỤNG MÔ PHỎNG MONTE CARLO,2
33,"Chuong Huynh Dinh, Ngọc Trang Lê Thị, Thanh Tran Thien, Linh Nguyen Thi Truc and Minh Le Hoang",MỘT CÁCH TIẾP CẬN BÁN THỰC NGHIỆM DỰA TRÊN KỸ THUẬT GAMMA TRUYỀN QUA ĐỂ XÁC ĐỊNH BỀ DÀY CỦA TẤM VẬT LIỆU,2
34,"Oanh Luu, Tsi Chian Chao and Chung Chi Lee",Least square method for ridge filter design in the proton wobbling nozzle,2
35,"Thi Truc Linh Nguyen, Thi Ngoc Trang Le, Thanh Sang Truong, Dinh Chuong Huynh and Duc Tam Hoang",XÁC ĐỊNH HỆ SỐ SUY GIẢM KHỐI CỦA MỘT SỐ VẬT LIỆU POLYME ĐỐI VỚI TIA X CÓ NĂNG LƯỢNG TRONG KHOẢNG 8-30 keV,2
36,"Trần Văn Tiến, Nguyễn Tấn Được, Nguyễn Thị Mỹ Lệ and Trần Nhân Giang",Phương pháp chụp ảnh nhiễu xạ sử dụng tia X kết hợp tại vùng năng lượng thấp,2
58,"Thuan Nguyen, Hong Huynh, Thy Truong, Lang Trinh and Hao Le",NGHIÊN CỨU TƯƠNG QUAN HOẠT ĐỘ ĐỒNG VỊ PHÓNG XẠ VÀ THÀNH PHẦN HÓA LÝ TRONG MỘT SỐ MẪU 6,2
61,"Le Quang-Vuong, Tran Thien-Thanh, Vu Tuan-Minh, Phan Long-Ho, Le Cong-Hao and Chau Van-Tao",TÍNH TOÁN HỆ SỐ TRÙNG PHÙNG CỦA ĐỒNG VỊ Ba-133 ĐỐI VỚI CÁC HÌNH HỌC NGUỒN KHÁC KHAU SỬ DỤNG MÔ PHỎNG MCNP-CP VÀ CHƯƠNG TRÌNH ETNA,2
64,"Tran Thi Bao Ngoc, Le Quang-Vuong, Tran Thien-Thanh, Vu Tuan-Minh, Ho Phan Long, Le Cong-Hao and Chau Van Tao",TÍNH TOÁN HỆ SỐ HIỆU CHỈNH TỰ HẤP THỤ CHO MẪU PHÂN TÍCH DẠNG HÌNH HỌC TRỤ SỬ DỤNG MÔ PHỎNG MONTE CARLO,2
79,"Hong Huynh, Thy Truong, Lang Trinh, Hao Le, Thao Tran and Oanh Cao",KHẢO SÁT THỰC ĐỊA PHÓNG XẠ 6 BẰNG HỆ PHỔ KẾ GAMMA,2
90,"Linh Nguyen Lam Thuy, Hao Le Cong, Thang Nguyen Van and Thu Huynh Nguyen Phong",NGHIÊN CỨU XÁC ĐỊNH NHANH URANIUM TRONG MẪU 6 DẠNG DUNG DỊCH BẰNG PHƯƠNG PHÁP PHỔ ALPHA.,2
100,"Thien Tran, Mythra Nemallapudi, Trang Hoang, Sang Phan, Lin Chih-Hsun and Chen Augustine",Measurements of prompt gamma cross sections relevant to proton therapy,2
145,"Chau Thi Nhu Quynh, Tran Anh Khoi and Dang Hong Ngoc Quy",DESIGN A PICOBLAZE AND AN RS-232 INTERFACE WITH PC BASED ON VHDL LANGUAGE AND FPGA TECHNOLOGY,2
146,Thi Thu Trang Van,Optimization and Design of the Energy Calibration System using 24Na Source of CANDLES for study of 48Ca Double Beta Decay,2
174,Hien Thi Doan and Chia-Ming Kuo,Measurement cross section production of Z boson plus gamma using data in proton-proton collisions at 13 TeV with CMS detector,2
188,"Long Hồ Phan, Tuấn Minh Vũ, Đình Hùng Lê, Văn Chính Đặng, Thị Diễm Hương Trần, Thiện Thanh Trần and Văn Tạo Châu",UỚC LƯỢNG LIỀU CHIẾU TRONG HẰNG NĂM CỦA MỘT SỐ ĐỒNG VỊ PHÓNG XẠ TỰ NHIÊN TRONG NƯỚC NGẦM BẰNG HỆ ĐẾM TỶ LỆ DÒNG KHÍ LUÂN CHUYỂN (GFPC),2
189,Tình Nguyễn Văn and Hải Võ Hồng,SIMULATION OF THE PET SYSTEM USING TWO SCINTILLATION DETECTOR CsI(Tl) BASED ON GEANT4/GATE SOFTWARE,2
202,"Võ Hoàng Nguyên, Trần Thiện Thanh and Châu Văn Tạo",Áp dụng phương pháp xử lý phổ tán xạ gamma cải tiến để kiểm tra khuyết tật bên trong ống thép.,2
228,"Kim Anh Nguyen, Thanh Sang Truong and Duc Tam Hoang",NGHIÊN CỨU TÍNH TOÁN MẬT ĐỘ CHẤT LỎNG SỬ DỤNG MÔ HÌNH ANN VÀ ĐƯỜNG CHUẨN TUYẾN TÍNH TRONG KỸ THUẬT GAMMA TÁN XẠ,2
234,"Anh Tuyen Luu, Trong Phuc Phan, Thai Son Lo, Ly Nguyen La, Thi Hue Pham and Ngoc Hue Nguyen Thi",Application of nuclear spectroscopies in material science at CNT,2
239,"Oanh Lương Thị, Tài Dương Thanh and Loan Trương Thị Hồng Loan",Áp dụng tiêu chuẩn AAPM TG119 để đánh giá kế hoạch xạ trị JO-IMRT trên hệ thống phần mềm lập kế hoạch Prowess Panther,2
373,"Thanh Nhan Huynh, Minh Vuong Nguyen, Dinh Chuong Huynh, Thien Thanh Tran and Van Tao Chau",USING THE TRANSMITTED GAMMA METHOD TO DETERMINE THE SIZE AND DEPTH OF DEFECTS PRODUCED IN SAMPLE STEEL TARGET PLATES,2
286,Trịnh Hoa Lăng and Huỳnh Minh Quốc,ÁP DỤNG PHƯƠNG PHÁP BIẾN PHÂN MONTE CARLO VÀ MẪU LỚP XÁC ĐỊNH CÁC MỨC NĂNG LƯỢNG HẠT NHÂN,2
430,Tu Vu Ngoc,Một số đặc tính liều của chùm photon đối với máy gia tốc tuyến tính xạ trị Clinac iX tại Bệnh viện Đa khoa Kiên Giang,2
452,Trúc Dương Hồng and Hảo Lê Công,"DETERMINATION OF 210PO IN OYSTERS/SHRIMPS IN BA RIA VUNG TAU PROVINCE, VIETNAM BY ALPHA SPECTROSCOPY",2
119,Duong Hong Truc and Le Cong Hao,"DETERMINATION OF 210PO IN OYSTERS/SHRIMPS IN BA RIA VUNG TAU PROVINCE, VIETNAM BY ALPHA SPECTROSCOPY",2
125,"Nguyen Huyen-Thu Ho, Bach Ngoc-My Nguyen, Quoc-Hung Nguyen, Vu Tien-Anh Nguyen, Ngoc-Huy Pham, Minh-Nguyen Tran, Quang-Minh Tran and Tuan-Dat Tran",Regularity theory for second order partial differential equation arising from composite material,8
47,"Hoang Cong Anh Duy, Dang Quoc Thong, Nguyen Ngoc Luan, Vo Thi Thanh Thuy, Lam Pham Thanh Hien and Nguyen Nhat Huy",Study on low temperature oxidation of VOCs by catalysis,6
63,Sam Truong and Khoi Dao Nguyen,ASSESSING THE IMPACTS OF LAND-USE CHANGE ON HYDROLOGY IN THE MEKONG RIVER BASIN IN THE PERIOD 1983 - 2019,6
161,Phuong Nguyen Hoang and Viet Pham Van,Utilization of Metal-free Polymeric Photocatalyst g-C3N4 Nanosheet Modified SnO2 Nanoparticles composite for Photocatalytic NO Degradation under Visible Light,6
165,Khanh Lê Ngọc Phương and Nam Nguyen Thi Que,The geo – products proposal in Ha Tien – Kien Luong Plain,6
168,"Thien Trung Huynh, Thao Nguyen Nguyen, Thi Hien To, Doan Thien Chi Nguyen and Truong Nam Hai Ho","DISTRIBUTION OF POLYCYCLIC AROMATIC HYDROCARBONS ON MICROPLASTIC IN SURFACE WATER OF CAN GIO PROVINCE, HO CHI MINH CITY.",6
244,Nguyễn Thị Diễm Thúy and Đào Nguyên Khôi,ỨNG DỤNG MẠNG NƠ-RON LAN TRUYỀN THẲNG - MULTILAYER PERCEPTRONS MÔ PHỎNG BOD5 KHU VỰC HẠ LƯU SÔNG SÀI GÒN – ĐỒNG NAI,6
E3,"Phạm Thị Hà, Đặng Thị Mỹ Linh","ĐÁNH GIÁ HIỆN TRẠNG SỬ DỤNG ĐẤT CHO CANH TÁC RAU MÀU TẠI HUYỆN CẦN ĐƯỚC, TỈNH LONG AN",6
E1,Nguyễn Thị Xuân Hạnh; Bùi Phạm Phương Thanh,"XÁC ĐỊNH KHÍA CẠNH 6 TẠI CÔNG TY TNHH MTV ĐỒ GỖ MINH NHẬT, ĐỀ XUẤT BIỆN PHÁP KHẮC PHỤC
THEO TIÊU CHUẨN ISO 14001:2015
",6
ESD06,"Đặng Diệp Yến Nga*, Vương Hồng Nhung, Tô Thị Hiền",Tình hình ô nhiễm vi sinh trong không khí tại một số điểm tập kết rác khu vực nội ô TP.HCM,6
ESD07,"Nguyễn Thị Quế Nam*, Hà Quang Hải, Hoàng Thị Phương Chi
","Đặc thù địa học trong các công viên địa chất tiềm năng thuộc dải ven biển nam trung bộ, Việt Nam",6
"ESD
23","Hoàng Thị Phương Chi*, Hà Quang Hải, Nguyễn Thị Quế Nam","Tiềm năng phát triển địa du lịch đảo Phú Quý, Bình Thuận",6
ESD 29,"Trương Thanh Cảnh*, Nguyễn Thị Hưng Thanh","Xây dựng chỉ số bảo tồn rừng (FCI) và áp dụng để đánh giá mức độ bảo tồn rừng, trường hợp xã Tam Lãnh, huyện Phú Ninh, tỉnh Quảng Nam",6
ESD 30,"Trương Thanh Cảnh, Lê Hoàng Anh*",Đánh giá dấu chân nước của người dân TP. Hồ Chí Minh,6
"ESD
31","Nguyễn Thanh Tâm*, Nguyễn Hoài Phương Duy, Trần Thị Phương Thúy, Võ Thị Thanh Tiền, Trần Công Khánh","Nghiên cứu, tổng hợp vật liệu từ feldspar và ứng dụng xử lý ammonium trong nước",6
ESD11,"Đỗ Thị Thuỳ Quyên, Trần Hoàng Minh, Phan Thị Mỹ Xuyên, Nguyễn Thảo Nguyên","Thói quen thải bỏ thuốc tây: kết quả khảo sát sinh viên trường Đại Học Khoa Học Tự Nhiên, ĐHQG-HCM",6
ESD19,"Nguyễn Thị Thùy Trang, Ngô Ngọc Hoàng Giang, Nguyễn Thị Thụy Hằng",Đánh giá sự thay đổi dòng chảy lưu vực sông La Ngà,6
4-VJSTE,"Thi, Nguyen Thi Anh ; Han, Bui Ngoc","The zoning surface water quality by WQI index in Tien Giang Province, Viet Nam",6
5-VJSTE,"Nguyen Thi Thuy Trang, Sangam Shrestha , Hiroshi Ishidaira","Evaluating the Impacts of Climate Change on the Hydrology and Water Resources Availability in the 3S River Basin of Cambodia, Laos, and Vietnam",6
6-VJSTE,"Dang Diep Yen Nga*, Vuong Hong Nhung, Nguyen Thi Tam, Phan Thi Thanh Thao, To Thi Hien","Microbiological contamination of indoor air at university classrooms 
(Case Study: University of Science - Vietnam National University, Ho Chi Minh City)",6
10-VJSTE,"Ho Thi Tuyet Nhi, Dang Thi Thanh Le","APPLICATION OF THE DSSAT MODEL TO PREDICT THE EFFECTS OF CLIMATE CHANGE ON RICE YIELD IN CO DO PROVINCE, CAN THO CITY",6
13-VJSTE,"Vu Hoang Phuong NGUYEN, Thanh-Tu TRAN",APPLICATION OF DEMOGRAPHIC TOOLS TO ASSESS THE CURRENT ENVIRONMENT STATUS OF VIETNAM IN 2010-2019,6
17-VJSTE,"Nguyen Thi Hong Diep, Nguyen Trong Can, Nguyen Thi Ngoc Tran, Doan Thien Nhi",Flood inundation mapping using Sentinel-1A in An Giang province in 2019,6
19-VJSTE,"Van-Tai Nguyen, Manh-Ha Bui, Thanh-Luu Pham, Emilie Strady, Christine Badual, Thuy-Chung Kieu-Le, Ba-Trung Bui, Thanh-Son Dao*","Single and combined effects of Di-2-ethylhexyl phthalate and Bisphenol A on life traits of a tropical micro-crustacean, Ceriodaphnia cornuta",6
253,"Pham Quoc Kiet, Nguyen Đoan Thien Chi, Tran Cong Thanh and To Thi Hien",PHÁT THẢI BỤI MỊN PM2.5 TỪ HOẠT ĐỘNG NẤU ĂN TRONG NHÀ/ EMISSION FINE PARTICULATE MATTER PM2.5 FROM COOKING ACTIVITIES,6
272,Hong Nguyen and Hong Nguyen,APPLICATION RESEARCH OF UTIDE SOFTWARE IN ANALYSIS AND CALCULATE WATER LEVEL TO SUPPORT FORECAST IN SOUTHERN OF VIETNAM,6
273,Hong Nguyen and Hong Nguyen,SPECIES COMPOSITION AND DISTRIBUTION OF INVASIVE ALIEN SPECIES IN TAY NINH PROVINCE,6
281,Bui Hung and Thanh Nguyễn Thị Minh,"Đánh giá thiệt hại kinh tế do ngập lụt năm 2019 của người dân tại Quận 8, Tp.HCM",6
379,Phuong Tran Thi Mai,ANALYSIS TO EFFECTIVE MUNICIPAL SOLID WASTE MANAGEMENT IN A AREAS OF THE MEKONG DELTA,6
404,Trong-Quan Nguyen and Nguyen-Khoi Dao,APPLYING MACHINE LEARNING-BASED NUMERICAL MODELS FOR SIMULATING SURFACE WATER QUALITY,6
405,"Ánh Ngân Trần, Đoàn Thiện Chí Nguyễn, Thị Yến Nhi Nguyễn, Ngọc Trinh Đinh and Thị Hiền Tô",Phát thải bụi mịn (PM2.5) từ hoạt động nấu ăn trong nhà với các loại nhiên liệu và hình thức nấu khác nhau: một nghiên cứu điển hình tại 22 căn bếp ở Thành phố Hồ Chí Minh,6
441,"Tran Dung, Ngo Thoang, Nguyen Tuyen, Tran Chau and Truong Hoang","Assessment of phosphorus release from alluvial sediments using single extraction: A case study in Can Gio, Southern Vietnam",6
475,"Nguyễn Thị Bích Xuyên, Nguyễn Đức Thịnh and Nguyễn Đoàn Thiện Chí",DETERMINE THE BIOMARKER OF MALONDIALDEHYDE IN MEN WITH SMOKING AND NON-SMOKING,6
E4,"Lê Minh Hiền Lương, Hoàng Thị Phương Chi",TIỀM NĂNG ĐỊA DU LỊCH DẢI VEN BIỂN BÌNH ĐỊNH,6
E7,"Hồ Huỳnh Thảo Anh , Đặng Thị Thanh Lê","XÂY DỰNG BẢN ĐỒ CHỈ SỐ DỄ BỊ TỔN THƯƠNG DO XÂM NHẬP MẶN ĐẾN SINH KẾ NGƯỜI DÂN DƯỚI ẢNH HƯỞNG MỰC NƯỚC BIỂN DÂNG Ở CÁC XÃ VEN BIỂN HUYỆN BA TRI, TỈNH BẾN TRE",6
ESD10,"Nguyễn Thị Huỳnh, Trần Thành Thái, Nguyễn Thị Mỹ Yến, Ngô Xuân Quảng","Đa dạng sinh học của quần xã tuyến trùng vùng triều sông Ba Lai, Tỉnh Bến Tre",6
ESD32,"Dương Thị Bích Huệ, Trương Thị Hồng Huệ",Nghiên cứu hiệu quả nuôi trồng trùn quế (perinonyx excavatus) bằng rác thải hữu cơ sau thu hoạch,6
ESD08,"Nguyễn Hoàng Thái, Nguyễn Phi Uy Vũ, Hồ Văn Thệ, Bùi Đức Lỉnh",Biến động một số yếu tố 6 nước biển ở khu vực nuôi trồng thủy sản tập trung vùng ven biển Cần Giờ (2009 – 2019),6
488,Nguyen Thi Thuy Hang and Pham Thi Huong Tham,SCE-UA OPTIMIZATION IN A RAINFALL-RUNOFF MODEL APPLICATION FOR BE RIVER CATCHMENT,6
84,"Thi Hong Anh Hoang, Trung Hieu Pham, Sung Hi Choi and Yongjae Yu",Geochemical constraints on recycled oceanic crust in the mantle source of late Cenozoic basalts from Vietnam,4
85,Minh Pham and Hieu Pham Trung,"TUỔI ĐỒNG VỊ U-Pb ZICON VÀ THẠCH ĐỊA HÓA ĐÁ MẠCH SÁNG MÀU KHU VỰC ĐÈO CẬU, NINH THUẬN VÀ Ý NGHĨA KIẾN TẠO",4
86,"Thi Hong Anh Hoang, Trung Hieu Pham, Sung Hi Choi and Yongjae Yu",FORMATION AND EVOLUTION OF THE LITHOSPHERIC MANTLE BENEATH SOUTHERN VIETNAM,4
87,"Thi Hong Anh Hoang, Trung Hieu Pham, Sung Hi Choi and Yongjae Yu","Age and tectonic implications of Paleoproterozoic Deo Khe Granitoids within the Phan Si Pan Zone, Vietnam",4
133,Đinh Quốc Tuấn,"Depositional environment of clastic sedimentary rocks at Loc Thanh Ward, Loc Ninh District, Binh Phuoc Provice",4
182,ThiỀm QuỐc TuẤn and ĐỖ VĂn NhuẬn,"ĐẶC ĐIỂM THẠCH ĐỊA HÓA VÀ TUỔI ĐỒNG VỊ CỦA CÁC ĐÁ PHUN TRÀO TRUNG TÍNH KIỀM VÙNG NÚI SOKLU, ĐỒNG NAI",4
187,Dung Nguyen Thuy and Thien Ngô Minh,"BƯỚC ĐẦU XÂY DỰNG MÔ HÌNH DÒNG CHẢY NƯỚC DƯỚI ĐẤT TẦNG CHỨA NƯỚC VEN BIỂN TỪ TIẾN THÀNH – KÊ GÀ, BÌNH THUẬN",4
193,Giang Nguyen,"Đặc điểm thạch địa hóa, tuổi U-Pb zircon LA-ICP-MS và thành phần đồng vị Hf trong granodiorite khu vực Chà Vàl – Quảng Nam",4
197,Phuc Le Duc and Giang Nguyen,"ĐẶC ĐIỂM THẠCH HỌC - THẠCH ĐỊA HÓA GRANITOID KHỐI NÚI QUÝT, NINH HẢI, NINH THUẬN",4
200,Vy Le Hoang and Tuan Huynh Tan,"TỐI ƯU HÓA HIỆU SUẤT VÀ DỰ BÁO ĐỘNG THÁI KHAI THÁC GIẾNG C-4ST, TẦNG MÓNG KHỐI D, MỎ CÁ NÓC VUÔNG – LÔ A, BỒN TRŨNG CỬU LONG",4
209,"Ngọc Năng Lê, Thành Trí Nguyễn, Tuan Lê Huu and Vĩnh Phát Lâm","RESEARCH CHARACTERS AND EVALUATE THE ABILITY TO USE AS GEM OF JET ON PHU QUOC, KIEN GIANG, VIETNAM",4
233,"Quynh Anh Nong, Christoph Hauzenberger, Daniela Gallhofer and Etienne Skrzypek",Hoạt động magma phun trào Mesozoi muộn miền Nam Việt Nam phản ánh qua đặc điểm địa hóa và tuổi đồng vị U-Pb zircon,4
237,Hung Khuong The,"ỨNG DỤNG XÍCH MARKOV VÀ ENTROPY TRONG NGHIÊN CỨU TRÌNH TỰ TƯỚNG ĐÁ KHU VỰC THUNG LŨNG HOÀNH BỒ, QUẢNG NINH",4
241,Thiềm Quốc Tuấn and Phạm Trung Hiếu,"ĐẶC ĐIỂM THÀNH PHẦN VẬT CHẤT VÀ ĐIỀU KIỆN THÀNH TẠO BASALT KIỀM XUÂN LỘC, ĐỒNG NAI",4
245,Thiềm Quốc Tuấn and Phạm Minh,"THẠCH ĐỊA HÓA VÀ TUỔI ĐỒNG VỊ CỦA ANDESITOBASALT KHU VỰC TÂN PHÚ, ĐỒNG NAI",4
269,Le Canh Tuan and Nguyen Thuy Dung,SỰ CỐ Ô NHIỄM NƯỚC SÔNG ĐÀ VÀ VẤN ĐỀ PHÁT TRIỂN BỀN VỮNG,4
274,"Chuyen Pham, Li Zhuang, Sun Yeom, Changlun Sun, Sung-Gyu Jung and Hyu-Soung Shin",USING OF IN-SITU MICRO X-RAY COMPUTED TOMOGRAPHY IN INVESTIGATING THE EFFECT OF CONFINING PRESSURE ON PERMEABILITY AND FRACTURE APERTURE,4
292,"Bùi Kim Ngọc, Phạm Trung Hiếu, Phạm Minh and Lê Đức Phúc","ĐẶC ĐIỂM THÀNH PHẦN KHOÁNG VẬT TRONG ĐÁ METACARBONAT KHU VỰC SA THẦY, KON TUM VÀ KHẢ NĂNG ỨNG DỤNG CỦA METACARBONAT TRONG ĐÁ MỸ NGHỆ",4
295,"Tran Thien Phu Pham, Minh Hoang Truong, Dinh Thanh Nguyen and Jiro Takemura",DETERMINATION OF OPTIMAL DISTANCE OF PILES IN THE LATE PLEISTOCENE-HOLOCENE DEPOSITS IN THE LOWER OF THE SAI GON RIVER,4
336,"Tran Thien Quy Ngo, Юрий Васильевич Кириченко, Ba Trung Pham, Thi Tham Nguyen and Thi Thuy Doan",PRELIMINARY RESEARCH ON POTENTIALS AND PROSPECTS OF SEABED SOLID MINERALS IN VIETNAM DEEP SEA,4
432,"Thi To Ngan Nguyen, Huu-Tuan Le and Thi-Phuong-Uyen Ngo","USING REMOTE SENSING DATA TO DETECT FALLEN-DOWN FOREST AREAS BY TYPHOON DURIAN IN 2006, LONG HOA COMMUNE, CAN GIO",4
448,"Quy Ngo Tran Thien, Ba Trung Pham and Thi Thuy Doan",SOME ENVIRONMENTAL ISSUES IN EXPLOITATION OF SEABED SOLID MINERAL RESOURCES IN THE DEEP SEA,4
472,Lê Hoàng Lê Minh and Nguyen Thuy Dung,ĐÁNH GIÁ SỰ SUY THOÁI TÀI NGUYÊN DO HOẠT ĐỘNG TUYỂN QUẶNG ILMENITE VEN BIỂN BÌNH THUẬN,4
7,"Nguyễn Ngọc Anh, Nguyễn Văn Hảo, Bùi Hùng Thắng, Vũ Đình Lãm and Phạm Văn Trình",Nghiên cứu chế tạo vật liệu composite GO-CNTs/Fe3O4 định hướng ứng dụng hấp phụ kim loại nặng trong xử lý nước ô nhiễm,5
80,"Thuy N. Nguyen, Xuyen M.T Nguyen, Nguyen Ngan Nguyen and Quy D. Hoang",THE EFFECT OF THE NANOSILICA-OLIGOCHITOSAN HYBRID MATERIAL ON THE GROWTH OF LETTUCE (Lactuca sativa L. var. longifolia),5
91,"Huy Dang, Tan Doan, Thang Phan and Dat Mai",TỔNG HỢP VẬT LIỆU NANO SILICA XỐP BẰNG PHƯƠNG PHÁP SOL-GEL,5
158,"Nguyen Ha Tuyet Minh, Pham Thi Chi and Hoang Thi Dong Quy","STUDY OF FLAME RETARDANCY, THERMAL AND PHYSICAL PROPERTIES OF POLYURETHANE FOAMS DERIVED FROM WASTE PET",5
169,"Quỳnh Mai Diễm, Đại Phát Bùi and Văn Việt Phạm",Tổng hợp vật liệu g-C3N4 /SnO2 ứng dụng trong phân hủy khí ô nhiễm NO,5
181,"Van Hao Pham, Ngoc Hong Phan, Nhat Huy Nguyen, Van Thanh Dang and Van Truong Nguyen",Preparation of lap-like structure graphene sheets using anodic plasma electrolysis process and its application for removal of methylene blue from aqueous solution,5
217,"Tong Hung Quach, Thi Phuong Nguyen and Thi Le Hang Dang",PREPARATION AND CHARACTERZATION OF CHITOSAN-FUCOIDAN NANOGEL USING AN UNTRASOUND ASISTED METHOD,5
236,"Thao Kim Truong, Thang Quoc Nguyen and Viet Van Pham",The Oxidative Degradation of p-Nitrophenol by Visible-Light-Induced Activation of Peroxymonosulfate over Ag/ZnO Heterojunction,5
250,"Mai Xuan Truong, Tran Minh Chien, Hoang Anh Quan and Nguyen Phuong Tung",BIOSYNTHESIS OF GOLD NANOPARTICLES USING MEDICINAL PLANTS: CHARACTERIZATION AND ANTICANCER ACTIVITY,5
252,"Van Huu Dong, Phan Thi Que Phuong, Than Quoc An Ha and Pham Huu Thien",SYNTHESIS AND STUDY OF Fe (nZVI) ATTACHED ON GAMMA Al2O3 USING FOR DEGRADATION DYE,5
260,"Vu Thi Huong, Nguyen Tran Truc Phuong, Bach Thang Phan, Hanh Kieu Thi Ta, Tran Duc Trung and Nhu Hoa Thi Tran",Development of an ultra-sensitive sensor utilizing optical fiber-based gold nanoparticles in bovine serum albumin (BSA) immunoassay,5
264,"An Nang Vu, Tan Huy Nguyen Le, Hieu Le Van, Kim Phung Tu Thi, Ha Nguyen Thi, Thanh My Nguyen Thi and Thu Giang Pham Thi",Tổng hợp nanocomposite Ag/Fe3O 4/nano tinh thể cellulose hướng đến ứng dụng trong xử lý nước thải phẩm nhuộm,5
266,"Nang An Vu, Ngoc Hoa Le Thi, My Linh Nguyen Thi, Tuyet Vy Nguyen Bao, Hieu Le Van, Thanh An Le Dang and Thanh Truc Tran Thi","Ảnh hưởng của tiền chất muối Cobalt đến cấu trúc, hình thái và tính chất của vật liệu CoFe2O4 chế tạo bằng phương pháp nhiệt dung môi.",5
267,"Nang An Vu, Huyen Linh Thai Cao, Hoang Long Nguyen, Thu Phuong Le Thi, Ngoc-Uyen Nguyen-Thai, Hieu Le Van and Kim Loc Nguyen Thi",Nghiên cứu chế tạo màng bán thấm composite Chitosan/CNC/TiO2 định hướng ứng dụng trong xử lý nước,5
276,"Nang An Vu, Thu Phuong Le Thi, Thi Kim Loc Nguyen, Kim Ngan Bui, Kim Phung Tu Thi and Ngoc-Uyen Nguyen-Thai",Chế tạo màng biocomposite chitosan/nano tinh thể cellulose/bạc định hướng ứng dụng trong xử lý 6,5
285,"Nang An Vu, Nam Phong Le Pham, Nhi Vân Nguyễn, Hieu Le Van and Thanh Van Tran Thi",Chế tạo composite trên cơ sở Imidazole/ nano tinh thể cellulose định hướng ứng dụng trong pin nhiên liệu,5
287,"Nang An Vu, Ngoc Han Nguyen, Diem Huong Vang Thi, Bao Tran Huynh, Thanh Tung Nguyen Doan, Hieu Le Van and Phuoc Le Dinh",Magnetic recoverable CuFe2O4/cellulose nanocrystals composite as an efficient catalyst for 4-nitrophenol reduction,5
307,Trung Vũ Tiến and Chí Nhân Hà Thúc,"NGHIÊN CỨU CHẾ TẠO HỖN HỢP POLYMER SINH HỌC GIỮA POLYVINYL ALCOHOL, CHITOSAN VÀ CURCUMIN ĐỊNH HƯỚNG ỨNG DỤNG TRONG MÀNG PHỦ VẾT THƯƠNG",5
309,"Dung Cao T.M., Giang Le T.G. and Van Tran T.T",Understanding up and down-conversion luminescence for Er3+/Yb3+ co-doped SiO2-SnO2 glass-ceramics,5
313,Hoa Lê Thị Mai,Nghiên cứu các đặc trưng tính chất và khả năng hấp phụ Zn2+ của vật liệu ống nano cacbon đa thành biến tính bề mặt gắn nhóm chức -COOH.,5
326,Nguyễn Đức Hảo,TINH SẠCH BENTONITE CHO ỨNG DỤNG HẤP PHỤ CHẤT NHUỘM HỮU CƠ METHYLEN BLUE,5
358,"Kim Ngoc Pham, Minh Trung Le, Bao Tran Cao Thi, Thanh Dat Nguyen and Kieu Hanh Thi Ta",SYNTHESIS AND MODIFICATION OF SILICA NANOPARTICLES FOR HYDROPHOBIC APPLICATION,5
374,"Thi Kieu Hanh Ta, Minh Huy Nguyen, Thi Hong Nhi Do, Chi Cuong Nguyen, Ngoc Xuan Dat Mai, Nhu Hoa Thi Tran and Thang Bach Phan",Initially synthesized Magnetic Mesoporous Silica Nanoparticles for epirubicin loading,5
387,Huy-Binh Do and Phan-Gia Anh-Vu,A TCAD STUDY OF THE IMPACT OF CHANNEL THICKNESS ON THRESHOLD VOLTAGE OF Ga2O3 MOSFET,5
388,"Y Phung Nguyen, Thuy Trang Phan Thi, Huyen Trang Pham Cao, Nhi Pham Van, Tuan Anh Pham Thanh, Bach Thang Phan and Vinh Tran Cao",Controlling secondary phase segregation to enhance thermoelectric performance of ceramic ZnO-Al2O3-Ga2O3 system,5
401,"Hưu Truong Nguyen, Trong Phu Doan, Tuan Anh Pham Thanh, Van Dung Hoang, Ngoc Tram Le Pham, Minh Tan Le and Cao Vinh Tran",ASSESSMENT OF p-TYPE ELECTRICAL CONDUCTIVITY OF Ag AND N2 CO-DOPING ON ZINC OXIDE THIN FILMS DEPOSITED BY DC MAGNETRON SPUTTERING,5
427,"Nam Vu, Hieu Le and Thi Cao",Charge transfer mechanism and breakdown of the Schottky-Mott limit of graphene/silicon van der Waals heterostructure,5
455,"Dung Van Hoang, Vinh Cao Tran, Thao Phuong Thi Nguyen, Phu Thanh Phan, Phong Thanh Ngo, Truong Huu Nguyen, Anh Tuan Thanh Pham and Thang Bach Phan",The effects of thickness on optoelectronic properties of Mg-doped CuCrO2 thin films,5
173,"Ngọc Xuân Đạt Mai, Thị Kiều Hạnh Tạ, Lê Hoàng Tân Đoàn and Bách Thắng Phan",TỔNG HỢP VẬT LIỆU NANO SILICA XỐP CHỨA PHỐI TỬ HUỲNH QUANG VÀ KHẢO SÁT KHẢ NĂNG PHÂN BỐ SINH HỌC CỦA VẬT LIỆU,5
497,"HIEU C. NGUYEN, CAN D. PHAN, HUY Q. NGUYEN, NGHIA T. BUI",NGHIÊN CỨU TỔNG HỢP VẬT LIỆU COMPOSITE CÓ TỪ TÍNH TRÊN NỀN POLYME SINH HỌC ĐỂ XỬ LÝ As(III) TRONG NƯỚC,5
